{
  "mainWindow": {
    "divider": {
      "topColor": "#4b5157",
      "middleColor": "#4b5157",
      "bottomColor": "#4b5157"
    }
  },
  "sidebar": {
    "topBar": {
      "backgroundColor": "#2b3137",
      "bottomBorderColor": "#4b5157",
      "segmentedControl": {
        "tintColor": "#D2DFE6",
        "borderWidth": 2.5,
        "borderRadius": 3
      }
    },
    "table": {
      "backgroundColor": "#2b3137",
      "textColor": "#c7c7c7",
      "selectedTextColor": "#000",
      "emphasizedTextColor": "#eee",
      "iconColor": "#B6B9BF",
      "selectedIconColor": "#32393F",
      "emphasizedIconColor": "#eee",
      "selectedRowBgColor": "#a7aab0",
      "emphasizedRowBgColor": "#1F6FEB"
    },
    "bottomBar": {
      "backgroundColor": "#2b3137",
      "topBorderColor": "#4b5157",
      "textColor": "#c7c7c7",
      "controlColor": "#D2DFE6",
      "pressedControlColor": "#B6C1C9"
    }
  },
  "noteList": {
    "topBar": {
      "backgroundColor": "#2b3137",
      "bottomBorderColor": "#4b5157",
      "controlColor": "#D2DFE6",
      "pressedControlColor": "#B6C1C9"
    },
    "tableHeader": {
      "backgroundColor": "#2b3137",
      "bottomBorderColor": "#4b5157",
      "controlColor": "#D2DFE6",
      "pressedControlColor": "#B6C1C9"
    },
    "table": {
      "backgroundColor": "#2b3137",
      "separatorColor": "#3a4147",
      "textColor": "#c7c7c7",
      "selectedTextColor": "#000",
      "emphasizedTextColor": "#eee",
      "detailColor": "#a7a7a7",
      "selectedDetailColor": "#333",
      "emphasizedDetailColor": "#eee",
      "iconColor": "#B6B9BF",
      "selectedIconColor": "#333",
      "emphasizedIconColor": "#eee",
      "rowBgColor": "#2b3137",
      "altRowBgColor": "#323840",
      "selectedRowBgColor": "#a7aab0",
      "emphasizedRowBgColor": "#1F6FEB",
      "draggedRowBgColor": "#666",
      "emptyTextColor": "#c7c7c7"
    },
    "bottomBar": {
      "backgroundColor": "#2b3137",
      "searchField": {
        "textColor": "#c7c7c7",
        "controlColor": "#D2DFE6",
        "pressedControlColor": "#B6C1C9",
        "backgroundColor": "#0000",
        "borderColor": "#7f878d",
        "placeholderColor": "#b8b8b8"
      }
    }
  },
  "noteView": {
    "backgroundColor": "#2b3137",
    "dividerColor": "#4b5157",
    "topBar": {
      "backgroundColor": "#2b3137",
      "bottomBorderColor": "#4b5157",
      "controlColor": "#D2DFE6",
      "pressedControlColor": "#B6C1C9",
      "segmentedControl": {
        "tintColor": "#D2DFE6",
        "borderWidth": 2.5,
        "borderRadius": 3
      }
    },
    "toolbar": {
      "backgroundColor": "#2a2a2a",
      "dividerColor": "#222",
      "middleDividerColor": "#3e3e3e",
      "controlColor": "#D2DFE6",
      "pressedControlColor": "#B6C1C9",
      "iconColor": "#D2DFE6",
      "textColor": "#c7c7c7",
      "popUpButton": {
        "titleColor": "#c7c7c7",
        "borderColor": "#7f878d"
      },
      "tagField": {
        "textColor": "#c7c7c7",
        "placeholderColor": "#b8b8b8",
        "tag": {
          "textColor": "#000",
          "selectedTextColor": "#fff",
          "backgroundColor": "#cadff3",
          "selectedBackgroundColor": "#6caff1",
          "borderRadius": 4
        }
      },
      "formatBar": {
        "controlColor": "#c7c7c7",
        "highlightColor": "#5fd1f0"
      },
      "searchField": {
        "textColor": "#c7c7c7",
        "controlColor": "#D2DFE6",
        "pressedControlColor": "#B6C1C9",
        "backgroundColor": "#0000",
        "borderColor": "#7f878d",
        "placeholderColor": "#b8b8b8"
      },
      "doneButton": {
        "textColor": "#c7c7c7",
        "highlightBackgroundColor": "#3a3a3a",
        "borderColor": "#7f878d"
      }
    },
    "bottomBar": {
      "backgroundColor": "#2b3137",
      "controlColor": "#D2DFE6",
      "pressedControlColor": "#B6C1C9"
    }
  },
  "multiNote": {
    "backgroundColor": "#343a40",
    "textColor": "#bfbfbf",
    "button": {
      "tintColor": "#525252",
      "highlightColor": "#1F1F1F",
      "backgroundColor": "#EAEBEB",
      "highlightBackgroundColor": "#D2D3D3",
      "borderColor": "#FFF",
      "highlightBorderColor": "#E8E8E8"
    },
    "tagField": {
      "textColor": "#444",
      "placeholderColor": "#b8b8b8",
      "backgroundColor": "#fff",
      "borderColor": "#fff",
      "borderRadius": 4,
      "tag": {
        "textColor": "#000",
        "selectedTextColor": "#fff",
        "backgroundColor": "#cadff3",
        "selectedBackgroundColor": "#6caff1",
        "borderRadius": 4
      }
    }
  },
  "notebookPicker": {
    "backgroundColor": "#37424E",
    "textColor": "#ddd",
    "dividerColor": "#6b7177",
    "searchField": {
      "textColor": "#000",
      "controlColor": "#000",
      "pressedControlColor": "#000",
      "backgroundColor": "#FFF",
      "borderColor": "#FFF",
      "placeholderColor": "#b8b8b8"
    },
    "table": {
      "textColor": "#c7c7c7",
      "selectedTextColor": "#000",
      "emphasizedTextColor": "#eee",
      "iconColor": "#B6B9BF",
      "selectedIconColor": "#32393F",
      "emphasizedIconColor": "#eee",
      "selectedRowBgColor": "#e2eff6",
      "emphasizedRowBgColor": "#1F6FEB",
      "emptyTextColor": "#c7c7c7"
    }
  },
  "searchView": {
    "backgroundColor": "#37424E",
    "searchField": {
      "textColor": "#000",
      "controlColor": "#000",
      "pressedControlColor": "#000",
      "backgroundColor": "#FFF",
      "borderColor": "#FFF",
      "placeholderColor": "#b8b8b8"
    },
    "tableHeader": {
      "backgroundColor": "#37424E",
      "topBorderColor": "#6b7177",
      "bottomBorderColor": "#6b7177",
      "textColor": "#c7c7c7",
      "controlColor": "#D2DFE6",
      "pressedControlColor": "#B6C1C9"
    },
    "table": {
      "separatorColor": "#3a4147",
      "textColor": "#c7c7c7",
      "selectedTextColor": "#000",
      "emphasizedTextColor": "#eee",
      "detailColor": "#a7a7a7",
      "selectedDetailColor": "#333",
      "emphasizedDetailColor": "#eee",
      "iconColor": "#B6B9BF",
      "selectedIconColor": "#333",
      "emphasizedIconColor": "#eee",
      "rowBgColor": "#2b3137",
      "altRowBgColor": "#323840",
      "selectedRowBgColor": "#a7aab0",
      "emphasizedRowBgColor": "#1F6FEB",
      "emptyTextColor": "#c7c7c7"
    }
  },
  "presentation": {
    "backgroundColor": "#2b3137"
  },
  "editor": {
    "codeCellTheme": "monokai",
    "markdownCellTheme": "monokai"
  },
  "css": {
    "className": "dark",
    "editor": ".dark{color:#c7c7c7}.dark a{color:#80BBFF}.dark table tr:nth-child(even){background-color:#34393F}.dark blockquote{color:#999}.dark hr{background-color:#999}.dark code{background-color:rgba(255,255,255,.1)}.dark svg{background-color:#fff}.dark .text-cell [style]{color:#c7c7c7!important;background-color:transparent!important}.dark .diagram-cell .ace_editor,.dark .latex-cell .ace_editor,.dark .markdown-cell .ace_editor{color:#c7c7c7;background-color:#2b3137}.dark .markdown-cell .ace_list{color:#c7c7c7}",
    "preview": ".dark{color:#c7c7c7}.dark a{color:#80BBFF}.dark table tr:nth-child(even){background-color:#34393F}.dark blockquote{color:#999}.dark hr{background-color:#999}.dark code{background-color:rgba(255,255,255,.1)}.dark svg{background-color:#fff}.dark .text-cell [style]{color:#c7c7c7!important;background-color:transparent!important}",
    "presentation": ".dark{color:#c7c7c7}.dark a{color:#80BBFF}.dark table tr:nth-child(even){background-color:#34393F}.dark blockquote{color:#999}.dark hr{background-color:#999}.dark code{background-color:rgba(255,255,255,.1)}.dark svg{background-color:#fff}.dark .text-cell [style]{color:#c7c7c7!important;background-color:transparent!important}"
  }
}
